-- ============================================================
-- 大黑山大学学报期刊投稿管理系统 - 初始化数据脚本
-- 数据库名：journal_submission_system
-- ============================================================

-- 确保客户端连接使用 UTF-8
SET NAMES utf8mb4;

USE journal_submission_system;

-- -----------------------------------------------------------
-- 1. 插入作者数据 (15 条)
-- -----------------------------------------------------------
INSERT INTO author (id, name, email, institution, department, phone) VALUES
(1, '张明辉', 'zhangmh@dlut.edu.cn', '大连理工大学', '机械工程学院', '13804111234'),
(2, '李红霞', 'lihx@neu.edu.cn', '东北大学', '信息科学与工程学院', '13940222345'),
(3, '王建国', 'wangjg@dlut.edu.cn', '大连理工大学', '材料科学与工程学院', '13591113456'),
(4, '陈思远', 'chensy@hit.edu.cn', '哈尔滨工业大学', '航天学院', '18604514567'),
(5, '刘洋', 'liuyang@jlu.edu.cn', '吉林大学', '物理学院', '13804315678'),
(6, '赵雪梅', 'zhaoxm@dlut.edu.cn', '大连理工大学', '化学学院', '15904116789'),
(7, '周伟', 'zhouwei@ustc.edu.cn', '中国科学技术大学', '数学科学学院', '13705517890'),
(8, '孙丽华', 'sunlh@hit.edu.cn', '哈尔滨工业大学', '计算机科学与技术学院', '18804518901'),
(9, '吴志强', 'wuzq@fudan.edu.cn', '复旦大学', '哲学学院', '13601829012'),
(10, '郑晓东', 'zhengxd@zju.edu.cn', '浙江大学', '经济学院', '15805719023'),
(11, '黄文博', 'huangwb@pku.edu.cn', '北京大学', '法学院', '13901029034'),
(12, '林嘉怡', 'linjy@nju.edu.cn', '南京大学', '历史学院', '18602529045'),
(13, '杨建华', 'yangjh@whu.edu.cn', '武汉大学', '生命科学学院', '13702729056'),
(14, '何晓峰', 'hexf@mail.sysu.edu.cn', '中山大学', '医学院', '15902029067'),
(15, '唐丽娟', 'tanglij@scu.edu.cn', '四川大学', '药学院', '18802829078');

-- -----------------------------------------------------------
-- 2. 插入审稿人数据 (10 条)
-- -----------------------------------------------------------
INSERT INTO reviewer (id, name, email, institution, department, specialty, phone) VALUES
(1, '马文军', 'mawj@tsinghua.edu.cn', '清华大学', '计算机科学与技术系', '人工智能与机器学习', '13801030001'),
(2, '韩志强', 'hanzq@ustb.edu.cn', '北京科技大学', '材料科学与工程学院', '材料科学与工程', '13901030002'),
(3, '徐明达', 'xumd@sibs.ac.cn', '中国科学院上海生命科学研究院', '分子生物学研究室', '分子生物学', '13702130003'),
(4, '崔海龙', 'cuihl@sjtu.edu.cn', '上海交通大学', '船舶海洋与建筑工程学院', '海洋工程', '13602130004'),
(5, '董建华', 'dongjh@bnu.edu.cn', '北京师范大学', '环境学院', '环境科学', '15801030005'),
(6, '孟祥宇', 'mengxy@nankai.edu.cn', '南开大学', '数学科学学院', '应用数学', '18602230006'),
(7, '潘伟', 'panwei@seu.edu.cn', '东南大学', '自动化学院', '控制理论与控制工程', '13902530007'),
(8, '金永哲', 'jinyz@tju.edu.cn', '天津大学', '化工学院', '化学工程', '13702230008'),
(9, '蔡国栋', 'caigd@hust.edu.cn', '华中科技大学', '计算机科学与技术学院', '计算机科学与技术', '18802730009'),
(10, '蒋海峰', 'jianghf@fmmu.edu.cn', '空军军医大学', '生物医学工程系', '生物医学工程', '15902930010');

-- -----------------------------------------------------------
-- 3. 插入稿件数据 (40 条)
-- -----------------------------------------------------------
INSERT INTO manuscript (id, title, abstract_text, keywords, content, journal_name, author_id, author_name, status, submission_date, review_date, acceptance_date, publication_date, assigned_reviewer_id, assigned_reviewer_name) VALUES
(1, '基于深度学习的结构健康监测数据异常检测', '针对桥梁结构监测数据中的异常检测问题，提出一种基于CNN-LSTM混合模型的异常检测方法，在真实数据集上准确率达94.2%。', '["结构健康监测","深度学习","异常检测","CNN-LSTM"]', '1 引言\n结构健康监测系统产生的大量数据需要高效的异常检测方法。本文提出CNN-LSTM混合模型，利用CNN提取空间特征，LSTM捕获时序依赖。实验证明方法有效。', '工学版', 1, '张明辉', 'published', '2025-01-15', '2025-03-20', '2025-04-10', '2025-05-01', 1, '马文军'),
(2, '基于数字孪生的智能制造车间实时调度优化', '构建数字孪生驱动的车间调度框架，利用实时数据反馈实现动态优化，生产效率提升18.5%。', '["数字孪生","智能制造","车间调度","实时优化"]', '1 引言\n数字孪生为智能制造提供了新的范式。本文提出五维数字孪生模型，在真实制造车间验证了方法的有效性。', '工学版', 2, '李红霞', 'published', '2025-02-20', '2025-04-25', '2025-05-15', '2025-06-01', 2, '韩志强'),
(3, '碳纤维增强复合材料的冲击损伤容限研究', '研究碳纤维复合材料的低速冲击损伤演化规律，提出基于声发射的损伤评估方法。', '["碳纤维","复合材料","冲击损伤","声发射"]', '1 引言\n碳纤维复合材料对冲击敏感。本文通过落锤冲击实验和声发射监测，建立了损伤特征参数与剩余强度的关系模型。', '工学版', 3, '王建国', 'reviewing', '2025-11-10', NULL, NULL, NULL, 2, '韩志强'),
(4, '基于联邦学习的工业设备故障预测方法', '提出保护数据隐私的联邦学习框架用于设备故障预测，在多中心数据集上验证了有效性。', '["联邦学习","故障预测","工业物联网","隐私保护"]', '1 引言\n工业数据共享面临隐私保护挑战。本文提出联邦学习框架使多家工厂协作训练而不共享原始数据。', '工学版', 4, '陈思远', 'reviewing', '2025-12-05', NULL, NULL, NULL, 7, '潘伟'),
(5, '基于量子纠缠的量子密钥分发实验研究', '设计并实现了基于BB84协议的量子密钥分发系统，在50km光纤上实现了安全密钥率1.2kbps。', '["量子密钥分发","量子纠缠","BB84协议","量子通信"]', '1 引言\n量子密钥分发提供了信息理论安全的密钥交换方式。本文搭建了完整的QKD实验系统。', '理学版', 5, '刘洋', 'reviewing', '2025-10-15', NULL, NULL, NULL, 6, '孟祥宇'),
(6, '基于超导量子比特的量子纠错码实验研究', '在超导量子芯片上实现了表面码纠错方案，逻辑量子比特保真度达到99.1%。', '["量子计算","量子纠错","表面码","超导量子比特"]', '1 引言\n量子纠错是实现容错量子计算的关键。本文在超导量子处理器上实现了distance-3表面码。', '理学版', 6, '赵雪梅', 'reviewing', '2025-11-20', NULL, NULL, NULL, 6, '孟祥宇'),
(7, '增材制造钛合金的疲劳性能与寿命预测', '研究SLM成形Ti-6Al-4V合金的疲劳裂纹萌生机制，建立基于缺陷特征的疲劳寿命预测模型。', '["增材制造","钛合金","疲劳性能","寿命预测"]', '1 引言\n增材制造钛合金的疲劳性能受内部缺陷影响。本文通过X射线CT表征缺陷，建立了疲劳寿命与缺陷特征的定量关系。', '工学版', 1, '张明辉', 'reviewing', '2026-01-08', NULL, NULL, NULL, 3, '徐明达'),
(8, '基于机器学习的合金设计方法研究', '集成高通量计算和主动学习策略，加速高熵合金的成分优化，成功设计出具有优异力学性能的新型合金。', '["机器学习","合金设计","高熵合金","高通量计算"]', '1 引言\n机器学习为材料设计提供了新的工具。本文建立了高熵合金性能数据库，利用贝叶斯优化指导合金成分设计。', '工学版', 3, '王建国', 'published', '2025-04-10', '2025-06-15', '2025-07-01', '2025-08-01', 4, '崔海龙'),
(9, '面向6G通信的太赫兹超表面天线研究', '提出基于可重构超表面的太赫兹波束赋形天线，在0.1THz频段实现波束扫描范围±60°。', '["太赫兹","超表面","天线","6G通信"]', '1 引言\n太赫兹通信是6G关键技术之一。本文设计了基于PIN二极管的可重构超表面天线。', '工学版', 8, '孙丽华', 'reviewing', '2026-02-10', NULL, NULL, NULL, 1, '马文军'),
(10, '面向智能制造的工业机器人视觉引导系统', '设计基于深度学习的机器人视觉引导系统，实现复杂工件的精确抓取，成功率98.5%。', '["智能制造","工业机器人","视觉引导","深度学习"]', '1 引言\n机器人视觉引导是实现柔性制造的关键。本文提出6D姿态估计算法结合运动规划实现精确抓取。', '工学版', 2, '李红霞', 'accepted', '2025-09-18', '2025-11-22', '2025-12-10', NULL, 2, '韩志强'),
(11, '二维铁电材料的理论设计与物性研究', '基于第一性原理计算预测了新型二维铁电材料，揭示了其铁电性的微观起源，居里温度达420K。', '["二维材料","铁电性","第一性原理","居里温度"]', '1 引言\n二维铁电材料在非易失性存储器中有重要应用。本文通过高通量计算筛选了稳定的二维铁电候选材料。', '理学版', 6, '赵雪梅', 'published', '2025-02-15', '2025-04-20', '2025-05-10', '2025-06-01', 6, '孟祥宇'),
(12, '新型钙钛矿太阳能电池的界面工程研究', '通过界面修饰提升钙钛矿电池的稳定性和效率，光电转换效率达到25.8%，运行1000小时后保持92%效率。', '["钙钛矿太阳能电池","界面工程","稳定性","光电转换效率"]', '1 引言\n钙钛矿太阳能电池效率已超过25%，但稳定性仍是商业化的瓶颈。本文开发了新型界面钝化策略。', '理学版', 5, '刘洋', 'accepted', '2025-06-20', '2025-08-25', '2025-09-15', NULL, 6, '孟祥宇'),
(13, '数字人文视域下唐代诗歌知识图谱构建', '基于CBDB和全唐诗构建唐代诗人社会网络和诗歌意象知识图谱，包含5.2万实体和23万关系。', '["数字人文","知识图谱","唐代诗歌","社会网络"]', '1 引言\n数字人文方法为古典文学研究提供了新视角。本文构建了唐代诗歌的多维知识图谱。', '文科版', 9, '吴志强', 'published', '2025-03-05', '2025-05-10', '2025-06-01', '2025-07-01', 4, '崔海龙'),
(14, '数字经济对劳动力市场结构的影响研究', '基于2015-2024年省级面板数据，分析数字经济对就业结构和工资水平的影响，发现显著的结构转型效应。', '["数字经济","劳动力市场","就业结构","面板数据"]', '1 引言\n数字经济深刻改变了劳动力市场。本文利用DID和工具变量法识别了数字经济的就业效应。', '文科版', 10, '郑晓东', 'published', '2025-04-10', '2025-06-15', '2025-07-05', '2025-08-01', 5, '董建华'),
(15, '人工智能生成物的著作权保护路径研究', '比较分析中美欧AI著作权立法动态，提出基于"人类创造性贡献度"的差异化保护制度设计。', '["人工智能","著作权","生成物","法律保护"]', '1 引言\nAI生成内容对传统著作权制度提出了挑战。本文梳理了国际立法趋势并提出了我国的制度设计方案。', '文科版', 11, '黄文博', 'accepted', '2025-05-20', '2025-07-25', '2025-08-15', NULL, 5, '董建华'),
(16, '基于深度学习的眼底视网膜病变自动分级诊断', '提出基于EfficientNetV2和注意力机制的DR分级模型，在Kaggle数据集上AUC达0.978。', '["糖尿病视网膜病变","深度学习","自动诊断","医学图像"]', '1 引言\n糖尿病视网膜病变的早期筛查至关重要。本文提出基于深度学习的DR五级自动分级系统。', '生物医学版', 8, '孙丽华', 'published', '2025-05-10', '2025-07-15', '2025-08-05', '2025-09-01', 3, '徐明达'),
(17, '基于模型预测控制的四旋翼无人机轨迹跟踪', '提出基于非线性MPC的四旋翼轨迹跟踪控制器，在室外风扰条件下跟踪误差小于0.15m。', '["四旋翼","模型预测控制","轨迹跟踪","扰动抑制"]', '1 引言\n四旋翼无人机在复杂环境中需要鲁棒的控制器。本文设计了考虑风扰的非线性MPC控制器。', '工学版', 4, '陈思远', 'accepted', '2025-08-12', '2025-10-18', '2025-11-05', NULL, 1, '马文军'),
(18, '基于半监督学习的工业产品质量预测', '利用半监督自训练框架结合少量标注和大量未标注数据，在小样本场景下预测精度提升12.3%。', '["半监督学习","质量预测","小样本学习","智能制造"]', '1 引言\n工业场景中标注数据稀缺。本文提出结合伪标签生成和一致性正则化的半监督质量预测方法。', '工学版', 1, '张明辉', 'submitted', '2026-06-15', NULL, NULL, NULL, NULL, NULL),
(19, '面向边缘智能的神经网络模型压缩方法', '提出基于知识蒸馏和结构化剪枝的联合压缩框架，在保持精度98%的同时压缩比达20倍。', '["模型压缩","知识蒸馏","边缘智能","结构化剪枝"]', '1 引言\n边缘设备资源受限需要高效的模型压缩。本文提出联合优化剪枝和蒸馏的自适应压缩方案。', '工学版', 2, '李红霞', 'submitted', '2026-07-05', NULL, NULL, NULL, NULL, NULL),
(20, '形状记忆合金驱动器的非线性控制方法', '针对SMA驱动器的迟滞非线性，提出基于逆补偿和滑模控制的复合控制策略，跟踪精度提高至±0.5%。', '["形状记忆合金","迟滞非线性","滑模控制","智能材料"]', '1 引言\nSMA驱动器具有迟滞非线性。本文建立了Prandtl-Ishlinskii逆模型结合滑模控制实现精确跟踪。', '工学版', 3, '王建国', 'submitted', '2026-07-10', NULL, NULL, NULL, NULL, NULL),
(21, '基于拓扑绝缘体的自旋电子器件研究', '利用Bi2Te3拓扑绝缘体的自旋-动量锁定特性，设计了室温下高效自旋注入和检测器件。', '["拓扑绝缘体","自旋电子学","自旋注入","量子器件"]', '1 引言\n拓扑绝缘体的表面态为实现高效自旋操控提供了新途径。本文设计制备了Bi2Te3基自旋器件。', '理学版', 5, '刘洋', 'submitted', '2026-05-20', NULL, NULL, NULL, NULL, NULL),
(22, '基于表面增强拉曼散射的单分子检测技术', '制备了金纳米星SERS基底，实现了单分子水平的罗丹明6G检测，增强因子达4.2×10⁸。', '["表面增强拉曼","单分子检测","金纳米星","等离子体"]', '1 引言\nSERS技术可实现单分子级检测灵敏度。本文合成金纳米星并通过热点工程极大增强了拉曼信号。', '理学版', 6, '赵雪梅', 'submitted', '2026-06-01', NULL, NULL, NULL, NULL, NULL),
(23, '非线性偏微分方程的深度学习方法求解', '提出物理信息神经网络求解Navier-Stokes方程，相比传统数值方法在复杂几何上提速50倍。', '["物理信息神经网络","偏微分方程","深度学习","Navier-Stokes"]', '1 引言\nPINN将物理定律嵌入神经网络训练。本文提出改进的PINN框架求解不可压缩流体的Navier-Stokes方程。', '理学版', 7, '周伟', 'accepted', '2025-07-10', '2025-09-15', '2025-10-05', NULL, 6, '孟祥宇'),
(24, '基于强化学习的自适应交通信号控制', '提出多智能体深度强化学习方法协调多个路口信号控制，在仿真城市路网中平均行程时间减少22.4%。', '["交通信号控制","多智能体强化学习","智慧交通","协同控制"]', '1 引言\n城市交通拥堵需要智能信号控制。本文采用QMIX算法实现多路口协同信号优化。', '工学版', 8, '孙丽华', 'published', '2025-03-10', '2025-05-15', '2025-06-01', '2025-07-01', 4, '崔海龙'),
(25, '社交媒体舆情传播的动力学建模与干预策略', '构建考虑信息异质性的舆情传播SIR-H模型，提出基于关键节点识别的干预策略。', '["舆情传播","动力学模型","干预策略","社交网络"]', '1 引言\n社交媒体加速了舆情传播。本文在传统SIR模型基础上引入信息异质性和用户理性度因素。', '文科版', 9, '吴志强', 'reviewing', '2026-02-28', NULL, NULL, NULL, 5, '董建华'),
(26, 'ESG信息披露对企业融资约束的影响研究', '基于2018-2024年A股上市公司数据，发现ESG信息披露质量与企业融资约束呈显著负相关。', '["ESG","信息披露","融资约束","企业社会责任"]', '1 引言\nESG投资理念在中国快速发展。本文构建了ESG披露质量评价指标体系。', '文科版', 10, '郑晓东', 'reviewing', '2026-03-15', NULL, NULL, NULL, 5, '董建华'),
(27, '唐宋变革期江南水利治理的比较研究', '比较唐宋两代太湖流域水利治理模式的差异，揭示国家权力与地方社会互动的演变轨迹。', '["唐宋变革","水利治理","江南","国家与社会"]', '1 引言\n水利治理是观察古代国家-社会关系的重要窗口。本文细致比较了唐宋太湖流域的水利管理模式。', '文科版', 11, '黄文博', 'submitted', '2026-04-10', NULL, NULL, NULL, NULL, NULL),
(28, '基于语料库的现代汉语新词语生成机制研究', '基于国家语委语料库2015-2024年新词语，归纳了类推、缩略、谐音等六种主要生成机制。', '["新词语","生成机制","语料库语言学","现代汉语"]', '1 引言\n新词语是社会发展的语言镜像。本文基于大规模语料库运用定量和定性相结合的方法分析新词语。', '文科版', 12, '林嘉怡', 'submitted', '2026-06-12', NULL, NULL, NULL, NULL, NULL),
(29, 'CAR-T细胞治疗实体瘤的临床前研究', '靶向CLDN18.2的CAR-T细胞在胃癌PDX模型中展示出强效抗肿瘤活性，肿瘤完全消退率达60%。', '["CAR-T","实体瘤","CLDN18.2","免疫治疗"]', '1 引言\nCAR-T在血液瘤中取得了成功但在实体瘤中面临挑战。本文开发了新一代CAR-T克服肿瘤微环境抑制。', '生物医学版', 13, '杨建华', 'published', '2025-04-22', '2025-06-28', '2025-07-20', '2025-08-15', 3, '徐明达'),
(30, '基于单细胞转录组的肿瘤异质性分析', '对15例肝癌样本进行scRNA-seq分析，鉴定出3种具有不同药物敏感性的肿瘤干细胞亚群。', '["单细胞转录组","肿瘤异质性","肝癌","肿瘤干细胞"]', '1 引言\n肿瘤异质性是治疗失败的重要原因。本文通过单细胞测序揭示了肝癌的细胞多样性图谱。', '生物医学版', 14, '何晓峰', 'published', '2025-05-15', '2025-07-20', '2025-08-10', '2025-09-01', 3, '徐明达'),
(31, '基于多物理场耦合的锂电池热失控模拟', '建立电化学-热-力学多场耦合模型预测锂电池热失控行为，实验验证误差小于8%。', '["锂电池","热失控","多物理场耦合","数值模拟"]', '1 引言\n锂电池热失控是电动汽车安全的核心问题。本文建立了多物理场耦合模型模拟热失控过程。', '理学版', 7, '周伟', 'reviewing', '2026-01-05', NULL, NULL, NULL, 2, '韩志强'),
(32, '基于深度强化学习的机器人灵巧操作', '提出结合触觉感知的深度强化学习框架，实现机器人在未知物体上的灵巧抓取和操作。', '["深度强化学习","灵巧操作","触觉感知","机器人"]', '1 引言\n机器人灵巧操作是AI领域的重大挑战。本文在仿真和真实机器人平台上验证了方法的有效性。', '工学版', 1, '张明辉', 'submitted', '2026-06-30', NULL, NULL, NULL, NULL, NULL),
(33, '互联网平台经济中的劳动权益保障研究', '分析平台用工的劳动法律适用困境，提出基于经济从属性的"三分法"保护框架。', '["平台经济","劳动权益","从属性","社会保障"]', '1 引言\n平台经济催生了大量新型用工关系。本文考察了国内外平台用工的立法趋势。', '文科版', 9, '吴志强', 'rejected', '2026-01-10', '2026-03-05', NULL, NULL, 5, '董建华'),
(34, '远程办公对员工工作投入的影响机制研究', '基于JD-R模型，调查1024名远程办公者，发现工作自主性和社会支持是正向影响的关键因素。', '["远程办公","工作投入","JD-R模型","工作自主性"]', '1 引言\n远程办公已成为普遍的工作模式。本文采用问卷调查和结构方程模型分析影响机制。', '文科版', 10, '郑晓东', 'submitted', '2026-06-25', NULL, NULL, NULL, NULL, NULL),
(35, '晚清报刊中科学话语的传播与接受研究', '以《格致汇编》《万国公报》为语料，考察晚清科学知识传播的话语策略和社会接受度。', '["晚清报刊","科学话语","知识传播","文化接受"]', '1 引言\n晚清时期报刊是科学知识传播的主要媒介。本文运用话语分析法揭示了科学的本土化过程。', '文科版', 12, '林嘉怡', 'submitted', '2026-05-28', NULL, NULL, NULL, NULL, NULL),
(36, '基于CRISPR-Cas12a的病原体快速检测方法', '开发基于CRISPR-Cas12a和RPA等温扩增的SARS-CoV-2检测方法，灵敏度达10拷贝/μL。', '["CRISPR-Cas12a","病原体检测","等温扩增","即时检测"]', '1 引言\n快速准确的病原体检测对疫情防控至关重要。本文整合RPA和CRISPR技术实现了POCT检测。', '生物医学版', 13, '杨建华', 'reviewing', '2026-04-15', NULL, NULL, NULL, 3, '徐明达'),
(37, '基于外泌体的肿瘤液体活检技术研究', '开发基于免疫磁珠的外泌体捕获微流控芯片，在50例肺癌患者血浆中检出率85%。', '["外泌体","液体活检","微流控","肿瘤标志物"]', '1 引言\n外泌体作为液体活检标志物具有独特优势。本文设计了集外泌体捕获和检测于一体的微流控平台。', '生物医学版', 14, '何晓峰', 'reviewing', '2026-05-10', NULL, NULL, NULL, 3, '徐明达'),
(38, '中药复方网络药理学分析平台的开发', '构建包含238味常用中药和9.8万个化学成分的中药复方网络药理学分析平台。', '["网络药理学","中药复方","靶点预测","数据库"]', '1 引言\n网络药理学为中药复方的机制研究提供了新方法。本文整合多组学数据构建了分析平台。', '生物医学版', 15, '唐丽娟', 'submitted', '2026-07-02', NULL, NULL, NULL, NULL, NULL),
(39, '基于类器官模型的药物肝毒性评估', '建立人源肝脏类器官的高通量药物毒性评估平台，对120种药物进行了肝毒性分级。', '["肝脏类器官","药物毒性","高通量筛选","3D培养"]', '1 引言\n药物肝毒性是药物研发失败的主要原因之一。本文建立了肝脏类器官标准化培养和毒性评价体系。', '生物医学版', 13, '杨建华', 'accepted', '2025-09-15', '2025-11-20', '2025-12-10', NULL, 3, '徐明达'),
(40, 'mRNA疫苗递送载体的优化设计', '设计可电离脂质纳米颗粒递送mRNA疫苗，小鼠模型中和抗体滴度较对照组高3.2倍。', '["mRNA疫苗","脂质纳米颗粒","递送载体","免疫应答"]', '1 引言\nmRNA疫苗的成功离不开高效递送载体。本文通过组合化学方法优化LNPs的脂质组成。', '生物医学版', 14, '何晓峰', 'submitted', '2026-07-08', NULL, NULL, NULL, NULL, NULL);

-- -----------------------------------------------------------
-- 4. 插入参考文献数据 (40 条)
-- -----------------------------------------------------------
INSERT INTO reference_lit (manuscript_id, ref_key, title, authors, journal, year, volume, issue, pages, doi) VALUES
(1, 'r1-1', 'Deep learning for SHM data analysis', 'Zhang Y, Li X', 'Structural Health Monitoring', 2023, '22', NULL, '1234-1250', NULL),
(2, 'r2-1', 'Digital twin for manufacturing', 'Tao F, Zhang M', 'Journal of Manufacturing Systems', 2023, '66', NULL, '211-231', NULL),
(3, 'r3-1', 'Impact damage in CFRP composites', 'Wang S, Chen J', 'Composites Part B', 2024, '271', NULL, '111156', NULL),
(4, 'r4-1', 'Federated learning for industrial IoT', 'Li L, Fan Y', 'IEEE TII', 2024, '20', NULL, '3456-3470', NULL),
(5, 'r5-1', 'Quantum cryptography: BB84 protocol', 'Bennett CH, Brassard G', 'Proc. IEEE ICCSS', 1984, NULL, NULL, '175-179', NULL),
(6, 'r6-1', 'Quantum error correction with surface codes', 'Google Quantum AI', 'Nature', 2023, '614', NULL, '676-681', NULL),
(7, 'r7-1', 'Fatigue of AM Ti-6Al-4V', 'Liu Y, Wang G', 'Acta Materialia', 2024, '262', NULL, '119432', NULL),
(8, 'r8-1', 'Machine learning for alloy design', 'Wen C, Zhang Y', 'Nature Materials', 2023, '22', NULL, '689-702', NULL),
(9, 'r9-1', 'Terahertz metasurface antennas for 6G', 'Chen Z, Ma X', 'IEEE TAP', 2024, '72', NULL, '3890-3903', NULL),
(10, 'r10-1', 'Robot vision guided grasping', 'Wang C, Xu D', 'Robotics and CIM', 2024, '85', NULL, '102625', NULL),
(11, 'r11-1', 'Two-dimensional ferroelectric materials', 'Wu M, Jena P', 'Nature Reviews Materials', 2023, '8', NULL, '498-516', NULL),
(12, 'r12-1', 'Interface engineering for perovskite solar cells', 'Kim G, Park N', 'Science', 2024, '383', NULL, '1234-1240', NULL),
(13, 'r13-1', 'Digital humanities and Chinese literature', 'Wang J, Liu Z', 'Digital Scholarship in Humanities', 2024, '39', NULL, '215-230', NULL),
(14, 'r14-1', 'Digital economy and labor markets', 'Acemoglu D, Restrepo P', 'Journal of Economic Perspectives', 2024, '38', NULL, '3-30', NULL),
(15, 'r15-1', 'Copyright law and AI-generated works', 'Samuelson P', 'Harvard Law Review', 2024, '137', NULL, '1550-1620', NULL),
(16, 'r16-1', 'Deep learning for diabetic retinopathy', 'Gulshan V, Peng L', 'JAMA', 2016, '316', NULL, '2402-2410', NULL),
(17, 'r17-1', 'Nonlinear MPC for quadrotors', 'Kamel M, Alexis K', 'IEEE T-RO', 2023, '39', NULL, '1567-1584', NULL),
(18, 'r18-1', 'Semi-supervised learning for industrial applications', 'Chen Y, Lee J', 'IEEE TASE', 2024, '21', NULL, '2345-2360', NULL),
(19, 'r19-1', 'Model compression for edge AI', 'Cheng Y, Wang D', 'Proceedings of the IEEE', 2024, '112', NULL, '654-678', NULL),
(20, 'r20-1', 'Control of SMA actuators', 'Hassani V, Tjahjowidodo T', 'Smart Materials and Structures', 2023, '32', NULL, '085013', NULL),
(21, 'r21-1', 'Topological insulators for spintronics', 'Mellnik AR, Ralph DC', 'Nature Materials', 2023, '22', NULL, '798-810', NULL),
(22, 'r22-1', 'Single-molecule SERS detection', 'Nie S, Emory SR', 'Science', 1997, '275', NULL, '1102-1106', NULL),
(23, 'r23-1', 'Physics-informed neural networks', 'Raissi M, Perdikaris P', 'Science', 2019, '355', NULL, '1073-1080', NULL),
(24, 'r24-1', 'Multi-agent RL for traffic signal control', 'Wei H, Zheng G', 'Transportation Research Part C', 2023, '148', NULL, '104039', NULL),
(25, 'r25-1', 'Information diffusion in social networks', 'Zhang Z, Liu L', 'Information Processing and Management', 2024, '61', NULL, '103621', NULL),
(26, 'r26-1', 'ESG disclosure and financing constraints', 'Chen L, Yang Z', 'China Journal of Accounting Research', 2024, '17', NULL, '100320', NULL),
(27, 'r27-1', '唐宋时期江南水利社会', '张俊峰', '历史研究', 2023, NULL, '4', '62-80', NULL),
(28, 'r28-1', 'A corpus-based study of Chinese neologisms', 'Li X, Zhang W', 'Corpus Linguistics and Linguistic Theory', 2024, '20', NULL, '345-368', NULL),
(29, 'r29-1', 'CAR-T therapy for solid tumors', 'June CH, Sadelain M', 'Nature Reviews Cancer', 2024, '24', NULL, '98-115', NULL),
(30, 'r30-1', 'Single-cell transcriptomics of liver cancer', 'Ma L, Wang X', 'Nature Communications', 2024, '15', NULL, '2345', NULL),
(31, 'r31-1', 'Multiphysics modeling of battery thermal runaway', 'Feng X, Ouyang M', 'Applied Energy', 2024, '356', NULL, '122368', NULL),
(32, 'r32-1', 'Dexterous manipulation with deep RL', 'Andrychowicz M, Baker B', 'Nature Machine Intelligence', 2024, '6', NULL, '234-246', NULL),
(33, 'r33-1', 'Platform work and labor rights', 'De Stefano V', 'International Labour Review', 2024, '163', NULL, '45-68', NULL),
(34, 'r34-1', 'Remote work and employee engagement', 'Wang B, Liu Y', 'Journal of Organizational Behavior', 2024, '45', NULL, '567-590', NULL),
(35, 'r35-1', '晚清科学传播研究', '赵中亚', '近代史研究', 2023, NULL, '3', '85-102', NULL),
(36, 'r36-1', 'CRISPR-based diagnostics', 'Chen JS, Doudna JA', 'Science', 2024, '383', NULL, '456-462', NULL),
(37, 'r37-1', 'Exosome-based liquid biopsy', 'Kalluri R, LeBleu VS', 'Science Translational Medicine', 2024, '16', NULL, 'eadi3056', NULL),
(38, 'r38-1', 'Network pharmacology for TCM', 'Li S, Zhang B', 'Briefings in Bioinformatics', 2024, '25', NULL, 'bbae123', NULL),
(39, 'r39-1', 'Organoid models for drug toxicity', 'Takebe T, Wells JM', 'Nature Reviews Drug Discovery', 2024, '23', NULL, '234-250', NULL),
(40, 'r40-1', 'Lipid nanoparticles for mRNA delivery', 'Pardi N, Weissman D', 'Nature Reviews Materials', 2024, '9', NULL, '45-62', NULL);

-- -----------------------------------------------------------
-- 5. 插入审稿记录数据 (30 条)
-- -----------------------------------------------------------
INSERT INTO review_record (id, paper_id, paper_title, reviewer_id, reviewer_name, decision, comments, review_date) VALUES
(1, 1, '基于深度学习的结构健康监测数据异常检测', 1, '马文军', 'approved', '方法设计合理，CNN-LSTM混合模型在桥梁监测数据上表现优异。实验设计充分，建议补充与其他SOTA方法的对比。', '2025-03-20'),
(2, 2, '基于数字孪生的智能制造车间实时调度优化', 2, '韩志强', 'approved', '数字孪生与车间调度结合的思路新颖，实际应用效果显著。论文结构清晰数据翔实，同意发表。', '2025-04-25'),
(3, 29, 'CAR-T细胞治疗实体瘤的临床前研究', 3, '徐明达', 'approved', 'CAR-T靶向CLDN18.2治疗胃癌的研究具有重要的临床转化价值。动物实验数据可靠，建议补充CAR-T持久性数据。', '2025-06-28'),
(4, 8, '基于机器学习的合金设计方法研究', 4, '崔海龙', 'approved', '高通量计算与主动学习相结合的方法具有很好的创新性，成功设计新型高熵合金验证了方法的有效性。', '2025-06-15'),
(5, 14, '数字经济对劳动力市场结构的影响研究', 5, '董建华', 'approved', '实证分析严谨，工具变量选择合理。数字经济对就业结构的结构性影响分析深入，具有政策参考价值。', '2025-06-15'),
(6, 11, '二维铁电材料的理论设计与物性研究', 6, '孟祥宇', 'approved', '第一性原理计算系统的材料筛选方法规范，预测的铁电材料居里温度高于室温具有应用前景。', '2025-04-20'),
(7, 17, '基于模型预测控制的四旋翼无人机轨迹跟踪', 1, '马文军', 'approved', '非线性MPC控制器设计合理，室外实验验证充分。建议进一步讨论计算复杂度和实时性。', '2025-10-18'),
(8, 10, '面向智能制造的工业机器人视觉引导系统', 2, '韩志强', 'approved', '视觉引导系统的设计完整，6D姿态估计算法精度高。98.5%的抓取成功率证明了系统的可靠性。', '2025-11-22'),
(9, 30, '基于单细胞转录组的肿瘤异质性分析', 3, '徐明达', 'approved', '单细胞测序数据分析方法先进，鉴定出的肿瘤干细胞亚群具有临床意义。建议增加空间转录组验证。', '2025-07-20'),
(10, 24, '基于强化学习的自适应交通信号控制', 4, '崔海龙', 'approved', '多智能体RL方法在交通信号控制中的应用具有很好的实践价值。仿真实验规模大，结果有说服力。', '2025-05-15'),
(11, 15, '人工智能生成物的著作权保护路径研究', 5, '董建华', 'approved', '对国际AI著作权立法趋势的梳理全面，提出的"人类创造性贡献度"标准具有理论创新性和实践可操作性。', '2025-07-25'),
(12, 23, '非线性偏微分方程的深度学习方法求解', 6, '孟祥宇', 'approved', 'PINN框架的改进具有理论创新性，在Navier-Stokes方程求解上的加速效果显著。建议讨论适用范围和局限性。', '2025-09-15'),
(13, 7, '增材制造钛合金的疲劳性能与寿命预测', 1, '马文军', 'rejected', '研究内容具有一定的工程价值，但存在以下不足：样本量偏小（仅12个试样），统计分析不够充分；仅关注了SLM工艺，未与其他增材制造工艺对比。建议补充实验后重新投稿。', '2026-02-20'),
(14, 3, '碳纤维增强复合材料的冲击损伤容限研究', 2, '韩志强', 'rejected', '声发射方法用于复合材料损伤监测已有较多研究，论文在方法上缺乏足够的创新性。建议结合新的传感技术或数据分析方法。', '2026-01-05'),
(15, 36, '基于CRISPR-Cas12a的病原体快速检测方法', 3, '徐明达', 'rejected', 'CRISPR-Dx领域发展迅速，本文的方法与已报道的方法相比优势不够突出。建议在多重检测或定量能力方面做更多创新。', '2026-05-20'),
(16, 9, '面向6G通信的太赫兹超表面天线研究', 4, '崔海龙', 'rejected', '超表面天线的设计方法较为常规，可重构机制缺乏详细的物理分析。建议补充材料特性的表征和更详细的电磁仿真。', '2026-03-25'),
(17, 25, '社交媒体舆情传播的动力学建模与干预策略', 5, '董建华', 'rejected', '舆情传播模型已有较多研究成果，SIR-H模型的改进幅度有限。建议选择具体的舆情案例进行实证验证，增强模型的说服力。', '2026-04-10'),
(18, 5, '基于量子纠缠的量子密钥分发实验研究', 6, '孟祥宇', 'rejected', 'BB84协议QKD系统的实现较为成熟，论文在实验技术上的创新不够显著。建议在系统集成度或安全性分析方面做出特色。', '2026-01-05'),
(19, 16, '基于深度学习的眼底视网膜病变自动分级诊断', 1, '马文军', 'approved', 'EfficientNetV2结合注意力机制的方法设计合理，AUC 0.978达到了临床可用水平。建议在不同种族数据集上验证泛化性。', '2025-07-15'),
(20, 8, '基于机器学习的合金设计方法研究', 2, '韩志强', 'approved', '审稿人一致认为论文具有很好的创新价值。方法学框架完整，实验结果验证了方法的有效性，达到了发表水平。', '2025-06-20'),
(21, 24, '基于强化学习的自适应交通信号控制', 6, '孟祥宇', 'approved', 'QMIX算法在多路口协同控制中的效果显著，消融实验展示了各模块的贡献。建议讨论部署到实际交通系统的可行性。', '2025-05-20'),
(22, 39, '基于类器官模型的药物肝毒性评估', 3, '徐明达', 'approved', '建立了标准化的肝脏类器官培养和毒性评价体系，120种药物的筛选规模较大。建议补充与动物实验的对比数据。', '2025-11-20'),
(23, 13, '数字人文视域下唐代诗歌知识图谱构建', 4, '崔海龙', 'approved', '知识图谱的构建方法规范，数据规模可观。唐代诗人社会网络分析具有一定的学术创新价值。', '2025-05-10'),
(24, 12, '新型钙钛矿太阳能电池的界面工程研究', 6, '孟祥宇', 'approved', '界面钝化策略新颖，25.8%的效率和优异的稳定性令人印象深刻。建议补充大面积器件的性能数据。', '2025-08-25'),
(25, 18, '基于半监督学习的工业产品质量预测', 1, '马文军', 'rejected', '小样本场景下的半监督学习方法有一定价值，但实验对比的基线方法太少，难以说明方法的优势。建议补充更多对比实验。', '2026-06-30'),
(26, 6, '基于超导量子比特的量子纠错码实验研究', 6, '孟祥宇', 'rejected', '表面码纠错方案是当前研究热点，但本文的实验规模较小（仅distance-3），逻辑错误率距离break-even尚有差距。', '2026-01-10'),
(27, 31, '基于多物理场耦合的锂电池热失控模拟', 2, '韩志强', 'approved', '多物理场耦合模型的设计合理，热失控过程的模拟精度较高。建议补充不同电池类型的适用性讨论。', '2026-02-15'),
(28, 37, '基于外泌体的肿瘤液体活检技术研究', 3, '徐明达', 'approved', '微流控芯片设计精巧，在不增加设备复杂度的前提下提高了外泌体捕获效率。85%的检出率具有临床潜力。', '2026-06-01'),
(29, 4, '基于联邦学习的工业设备故障预测方法', 4, '崔海龙', 'approved', '联邦学习应用于工业设备故障预测具有前瞻性。多中心数据验证充分证明了方法的数据隐私保护和协同学习优势。', '2026-01-15'),
(30, 26, 'ESG信息披露对企业融资约束的影响研究', 5, '董建华', 'approved', '实证设计合理，ESG披露质量指标体系的构建方法规范。结论对政策制定和企业实践具有参考价值。', '2026-04-20');

-- ============================================================
-- RBAC 权限系统初始化数据
-- ============================================================

-- -----------------------------------------------------------
-- 6. 插入角色数据 (3 条)
-- -----------------------------------------------------------
INSERT INTO sys_role (id, role_name, role_code, data_scope, description, status) VALUES
(1, '系统管理员', 'admin',    1, '系统管理员，拥有全部管理功能，可查看所有数据', 1),
(2, '审稿人',     'reviewer', 2, '审稿人角色，仅能查看和审阅被指派的稿件', 1),
(3, '作者',       'author',   2, '作者角色，仅能在线投稿和查看自己的稿件', 1);

-- -----------------------------------------------------------
-- 7. 插入菜单数据 (7 条)
-- -----------------------------------------------------------
INSERT INTO sys_menu (id, menu_name, menu_code, path, api_pattern, icon, sort_order, status) VALUES
(1, '工作台',     'dashboard',         '/',                  '/api/dashboard/*',   'LayoutDashboard', 1, 1),
(2, '稿件管理',   'paper-management',  '/papers',            '/api/papers/*',      'FileText',        2, 1),
(3, '在线投稿',   'paper-submit',      '/papers/submit',     '/api/papers',        'Send',            3, 1),
(4, '审稿管理',   'review-management', '/review-management', '/api/reviews/*',     'ClipboardCheck',  4, 1),
(5, '作者管理',   'author-management', '/authors',           '/api/authors/*',     'Users',           5, 1),
(6, '审稿人管理', 'reviewer-management','/reviewers',        '/api/reviewers/*',   'UserCheck',       6, 1),
(7, '审稿指派',   'assignment',        '/assignments',       '/api/assignments/*', 'UserPlus',        7, 1);

-- -----------------------------------------------------------
-- 8. 插入角色菜单关联数据
--    管理员: 工作台 + 稿件管理 + 作者管理 + 审稿人管理 + 审稿指派（无投稿、无审稿）
--    审稿人: 审稿管理（仅此一项）
--    作者:   在线投稿 + 稿件管理（查看自己的稿件）
-- -----------------------------------------------------------
INSERT INTO sys_role_menu (role_id, menu_id) VALUES
(1, 1), (1, 2), (1, 5), (1, 6), (1, 7),
(2, 4),
(3, 3), (3, 2);

-- -----------------------------------------------------------
-- 9. 插入系统用户数据
--    密码统一为 123456 的 SHA-256 哈希值
--    管理员 1 个 + 审稿人 10 个(对应reviewer表) + 作者 15 个(对应author表)
-- -----------------------------------------------------------
INSERT INTO sys_user (id, username, password, real_name, role_id, ref_id, email, status) VALUES
-- 管理员
(1,  'admin',     '8d969eef6ecad3c29a3a629280e686cf0c3f5d5a86aff3ca12020c923adc6c92', '系统管理员', 1, NULL, 'admin@dhs.edu.cn', 1),
-- 审稿人（username 为 reviewer + reviewer表id，ref_id 对应 reviewer 表 id）
(2,  'reviewer1',  '8d969eef6ecad3c29a3a629280e686cf0c3f5d5a86aff3ca12020c923adc6c92', '马文军', 2, 1,  'mawj@tsinghua.edu.cn', 1),
(3,  'reviewer2',  '8d969eef6ecad3c29a3a629280e686cf0c3f5d5a86aff3ca12020c923adc6c92', '韩志强', 2, 2,  'hanzq@ustb.edu.cn', 1),
(4,  'reviewer3',  '8d969eef6ecad3c29a3a629280e686cf0c3f5d5a86aff3ca12020c923adc6c92', '徐明达', 2, 3,  'xumd@sibs.ac.cn', 1),
(5,  'reviewer4',  '8d969eef6ecad3c29a3a629280e686cf0c3f5d5a86aff3ca12020c923adc6c92', '崔海龙', 2, 4,  'cuihl@sjtu.edu.cn', 1),
(6,  'reviewer5',  '8d969eef6ecad3c29a3a629280e686cf0c3f5d5a86aff3ca12020c923adc6c92', '董建华', 2, 5,  'dongjh@bnu.edu.cn', 1),
(7,  'reviewer6',  '8d969eef6ecad3c29a3a629280e686cf0c3f5d5a86aff3ca12020c923adc6c92', '孟祥宇', 2, 6,  'mengxy@nankai.edu.cn', 1),
(8,  'reviewer7',  '8d969eef6ecad3c29a3a629280e686cf0c3f5d5a86aff3ca12020c923adc6c92', '潘伟',   2, 7,  'panwei@seu.edu.cn', 1),
(9,  'reviewer8',  '8d969eef6ecad3c29a3a629280e686cf0c3f5d5a86aff3ca12020c923adc6c92', '金永哲', 2, 8,  'jinyz@tju.edu.cn', 1),
(10, 'reviewer9',  '8d969eef6ecad3c29a3a629280e686cf0c3f5d5a86aff3ca12020c923adc6c92', '蔡国栋', 2, 9,  'caigd@hust.edu.cn', 1),
(11, 'reviewer10', '8d969eef6ecad3c29a3a629280e686cf0c3f5d5a86aff3ca12020c923adc6c92', '蒋海峰', 2, 10, 'jianghf@fmmu.edu.cn', 1),
-- 作者（username 为 author + author表id，ref_id 对应 author 表 id）
(12, 'author1',  '8d969eef6ecad3c29a3a629280e686cf0c3f5d5a86aff3ca12020c923adc6c92', '张明辉', 3, 1,  'zhangmh@dlut.edu.cn', 1),
(13, 'author2',  '8d969eef6ecad3c29a3a629280e686cf0c3f5d5a86aff3ca12020c923adc6c92', '李红霞', 3, 2,  'lihx@neu.edu.cn', 1),
(14, 'author3',  '8d969eef6ecad3c29a3a629280e686cf0c3f5d5a86aff3ca12020c923adc6c92', '王建国', 3, 3,  'wangjg@dlut.edu.cn', 1),
(15, 'author4',  '8d969eef6ecad3c29a3a629280e686cf0c3f5d5a86aff3ca12020c923adc6c92', '陈思远', 3, 4,  'chensy@hit.edu.cn', 1),
(16, 'author5',  '8d969eef6ecad3c29a3a629280e686cf0c3f5d5a86aff3ca12020c923adc6c92', '刘洋',   3, 5,  'liuyang@jlu.edu.cn', 1),
(17, 'author6',  '8d969eef6ecad3c29a3a629280e686cf0c3f5d5a86aff3ca12020c923adc6c92', '赵雪梅', 3, 6,  'zhaoxm@dlut.edu.cn', 1),
(18, 'author7',  '8d969eef6ecad3c29a3a629280e686cf0c3f5d5a86aff3ca12020c923adc6c92', '周伟',   3, 7,  'zhouwei@ustc.edu.cn', 1),
(19, 'author8',  '8d969eef6ecad3c29a3a629280e686cf0c3f5d5a86aff3ca12020c923adc6c92', '孙丽华', 3, 8,  'sunlh@hit.edu.cn', 1),
(20, 'author9',  '8d969eef6ecad3c29a3a629280e686cf0c3f5d5a86aff3ca12020c923adc6c92', '吴志强', 3, 9,  'wuzq@fudan.edu.cn', 1),
(21, 'author10', '8d969eef6ecad3c29a3a629280e686cf0c3f5d5a86aff3ca12020c923adc6c92', '郑晓东', 3, 10, 'zhengxd@zju.edu.cn', 1),
(22, 'author11', '8d969eef6ecad3c29a3a629280e686cf0c3f5d5a86aff3ca12020c923adc6c92', '黄文博', 3, 11, 'huangwb@pku.edu.cn', 1),
(23, 'author12', '8d969eef6ecad3c29a3a629280e686cf0c3f5d5a86aff3ca12020c923adc6c92', '林嘉怡', 3, 12, 'linjy@nju.edu.cn', 1),
(24, 'author13', '8d969eef6ecad3c29a3a629280e686cf0c3f5d5a86aff3ca12020c923adc6c92', '杨建华', 3, 13, 'yangjh@whu.edu.cn', 1),
(25, 'author14', '8d969eef6ecad3c29a3a629280e686cf0c3f5d5a86aff3ca12020c923adc6c92', '何晓峰', 3, 14, 'hexf@mail.sysu.edu.cn', 1),
(26, 'author15', '8d969eef6ecad3c29a3a629280e686cf0c3f5d5a86aff3ca12020c923adc6c92', '唐丽娟', 3, 15, 'tanglij@scu.edu.cn', 1);

-- -----------------------------------------------------------
-- 10. 插入用户角色关联数据
-- -----------------------------------------------------------
INSERT INTO sys_user_role (user_id, role_id) VALUES
(1, 1),
(2, 2), (3, 2), (4, 2), (5, 2), (6, 2), (7, 2), (8, 2), (9, 2), (10, 2), (11, 2),
(12, 3), (13, 3), (14, 3), (15, 3), (16, 3), (17, 3), (18, 3), (19, 3), (20, 3), (21, 3),
(22, 3), (23, 3), (24, 3), (25, 3), (26, 3);